{
  "src": [
    "soundvm.data-sprite.mp3"
  ],
  "sprite": {
    "hint-message-de": [
      0,
      1776.0090702947846
    ],
    "hint-message-en": [
      3000,
      1679.9999999999998
    ],
    "speed-faster-de": [
      6000,
      1104.0136054421764
    ],
    "speed-faster-en": [
      9000,
      1224.0136054421775
    ],
    "speed-slower-de": [
      12000,
      1224.0136054421775
    ],
    "speed-slower-en": [
      15000,
      1199.9999999999993
    ],
    "time-at-33p-de": [
      18000,
      2399.9999999999986
    ],
    "time-at-33p-en": [
      22000,
      2064.0136054421773
    ],
    "time-at-66p-de": [
      26000,
      2448.0045351473905
    ],
    "time-at-66p-en": [
      30000,
      2208.0045351473955
    ],
    "time-left-0m-de": [
      34000,
      2736.0090702947846
    ],
    "time-left-0m-en": [
      38000,
      2376.009070294785
    ],
    "time-left-1m-de": [
      42000,
      2544.013605442174
    ],
    "time-left-1m-en": [
      46000,
      3000
    ],
    "time-left-2m-de": [
      50000,
      2039.999999999999
    ],
    "time-left-2m-en": [
      54000,
      1992.0181405895719
    ],
    "time-left-3m-de": [
      57000,
      1776.0090702947834
    ],
    "time-left-3m-en": [
      60000,
      1752.0181405895698
    ],
    "time-left-4m-de": [
      63000,
      1752.0181405895698
    ],
    "time-left-4m-en": [
      66000,
      1704.013605442171
    ],
    "time-left-5m-de": [
      69000,
      1799.9999999999973
    ],
    "time-left-5m-en": [
      72000,
      1752.0181405895698
    ]
  }
}